<?xml version="1.0" encoding="UTF-8" standalone="no"?>
<synergyConfiguration version="4">
  <generalSettings>
    <option key="#Board#" value="board.custom"/>
    <option key="CPU" value="S5D9"/>
    <option key="#TargetName#" value="R7FS5D97E3A01CFP"/>
    <option key="#TargetARCHITECTURE#" value="cortex-m4"/>
    <option key="#RTOS#" value="Express Logic ThreadX"/>
    <option key="#pinconfiguration#" value="R7FS5D97E3A01CFP.pincfg"/>
    <option key="#SSPVersion#" value="2.3.0"/>
    <option key="#DefaultLinkerScript#" value="r7fs5d97e3a01cfp.icf"/>
    <option key="#SELECTED_TOOLCHAIN#" value="gcc-arm-embedded"/>
  </generalSettings>
  <synergyBspConfiguration>
    <config id="config.bsp.s5d9.R7FS5D97E3A01CFP">
      <property id="config.bsp.part_number" value="config.bsp.part_number.value"/>
      <property id="config.bsp.rom_size_bytes" value="config.bsp.rom_size_bytes.value"/>
      <property id="config.bsp.ram_size_bytes" value="config.bsp.ram_size_bytes.value"/>
      <property id="config.bsp.data_flash_size_bytes" value="config.bsp.data_flash_size_bytes.value"/>
      <property id="config.bsp.package_style" value="config.bsp.package_style.value"/>
      <property id="config.bsp.package_pins" value="config.bsp.package_pins.value"/>
    </config>
    <config id="config.bsp.s5d9">
      <property id="config.bsp.series" value="config.bsp.series.value"/>
    </config>
    <config id="config.bsp.s5d9.ssp">
      <property id="config.bsp.s5d9.ssp.OFS0" value="config.bsp.s5d9.ssp.OFS0_Register.default"/>
      <property id="config.bsp.s5d9.ssp.OFS0.iwdt_start_mode" value="config.bsp.s5d9.ssp.OFS0.iwdt_start_mode.disabled"/>
      <property id="config.bsp.s5d9.ssp.OFS0.iwdt_timeout" value="config.bsp.s5d9.ssp.OFS0.iwdt_timeout.2048"/>
      <property id="config.bsp.s5d9.ssp.OFS0.iwdt_divisor" value="config.bsp.s5d9.ssp.OFS0.iwdt_divisor.128"/>
      <property id="config.bsp.s5d9.ssp.OFS0.iwdt_window_end" value="config.bsp.s5d9.ssp.OFS0.iwdt_window_end.0"/>
      <property id="config.bsp.s5d9.ssp.OFS0.iwdt_window_start" value="config.bsp.s5d9.ssp.OFS0.iwdt_window_start.100"/>
      <property id="config.bsp.s5d9.ssp.OFS0.iwdt_reset_interrupt" value="config.bsp.s5d9.ssp.OFS0.iwdt_reset_interrupt.Reset"/>
      <property id="config.bsp.s5d9.ssp.OFS0.iwdt_stop_control" value="config.bsp.s5d9.ssp.OFS0.iwdt_stop_control.stops"/>
      <property id="config.bsp.s5d9.ssp.OFS0.wdt_start_mode" value="config.bsp.s5d9.ssp.OFS0.wdt_start_mode.register"/>
      <property id="config.bsp.s5d9.ssp.OFS0.wdt_timeout" value="config.bsp.s5d9.ssp.OFS0.wdt_timeout.16384"/>
      <property id="config.bsp.s5d9.ssp.OFS0.wdt_divisor" value="config.bsp.s5d9.ssp.OFS0.wdt_divisor.128"/>
      <property id="config.bsp.s5d9.ssp.OFS0.wdt_window_end" value="config.bsp.s5d9.ssp.OFS0.wdt_window_end.0"/>
      <property id="config.bsp.s5d9.ssp.OFS0.wdt_window_start" value="config.bsp.s5d9.ssp.OFS0.wdt_window_start.100"/>
      <property id="config.bsp.s5d9.ssp.OFS0.wdt_reset_interrupt" value="config.bsp.s5d9.ssp.OFS0.wdt_reset_interrupt.Reset"/>
      <property id="config.bsp.s5d9.ssp.OFS0.wdt_stop_control" value="config.bsp.s5d9.ssp.OFS0.wdt_stop_control.stops"/>
      <property id="config.bsp.s5d9.ssp.OFS1" value="config.bsp.s5d9.ssp.OFS1_Register.default"/>
      <property id="config.bsp.s5d9.ssp.OFS1.voltage_detection0.start" value="config.bsp.s5d9.ssp.OFS1.voltage_detection0.start.disabled"/>
      <property id="config.bsp.s5d9.ssp.OFS1.voltage_detection0_level" value="config.bsp.s5d9.ssp.OFS1.voltage_detection0_level.280"/>
      <property id="config.bsp.s5d9.ssp.OFS1.hoco_osc" value="config.bsp.s5d9.ssp.OFS1.hoco_osc.disabled"/>
      <property id="config.bsp.s5d9.ssp.mpu_pc0_enable" value="config.bsp.s5d9.ssp.mpu_pc0_enable.disabled"/>
      <property id="config.bsp.s5d9.ssp.mpu_pc0_start" value="0xFFFFFFFC"/>
      <property id="config.bsp.s5d9.ssp.mpu_pc0_end" value="0xFFFFFFFF"/>
      <property id="config.bsp.s5d9.ssp.mpu_pc1_enable" value="config.bsp.s5d9.ssp.mpu_pc1_enable.disabled"/>
      <property id="config.bsp.s5d9.ssp.mpu_pc1_start" value="0xFFFFFFFC"/>
      <property id="config.bsp.s5d9.ssp.mpu_pc1_end" value="0xFFFFFFFF"/>
      <property id="config.bsp.s5d9.ssp.mpu_reg0_enable" value="config.bsp.s5d9.ssp.mpu_reg0_enable.disabled"/>
      <property id="config.bsp.s5d9.ssp.mpu_reg0_start" value="0x00FFFFFC"/>
      <property id="config.bsp.s5d9.ssp.mpu_reg0_end" value="0x00FFFFFF"/>
      <property id="config.bsp.s5d9.ssp.mpu_reg1_enable" value="config.bsp.s5d9.ssp.mpu_reg1_enable.disabled"/>
      <property id="config.bsp.s5d9.ssp.mpu_reg1_start" value="0x200FFFFC"/>
      <property id="config.bsp.s5d9.ssp.mpu_reg1_end" value="0x200FFFFF"/>
      <property id="config.bsp.s5d9.ssp.mpu_reg2_enable" value="config.bsp.s5d9.ssp.mpu_reg2_enable.disabled"/>
      <property id="config.bsp.s5d9.ssp.mpu_reg2_start" value="0x407FFFFC"/>
      <property id="config.bsp.s5d9.ssp.mpu_reg2_end" value="0x407FFFFF"/>
      <property id="config.bsp.s5d9.ssp.mpu_reg3_enable" value="config.bsp.s5d9.ssp.mpu_reg3_enable.disabled"/>
      <property id="config.bsp.s5d9.ssp.mpu_reg3_start" value="0x400DFFFC"/>
      <property id="config.bsp.s5d9.ssp.mpu_reg3_end" value="0x400DFFFF"/>
      <property id="config.bsp.ssp.mcu.adc.max_freq_hz" value="60000000"/>
      <property id="config.bsp.ssp.mcu.sci_spi.max_bitrate" value="30000000"/>
    </config>
    <config id="config.bsp.synergy">
      <property id="config.bsp.common.main" value="0x800"/>
      <property id="config.bsp.common.process" value="0"/>
      <property id="config.bsp.common.heap" value="0x1000"/>
      <property id="config.bsp.common.vcc" value="3300"/>
      <property id="config.bsp.common.avcc0" value="3300"/>
      <property id="config.bsp.common.checking" value="config.bsp.common.checking.enabled"/>
      <property id="config.bsp.common.assert" value="config.bsp.common.assert.none"/>
      <property id="config.bsp.common.error_log" value="config.bsp.common.error_log.none"/>
      <property id="config.bsp.common.id_mode" value="config.bsp.common.id_mode.unlocked"/>
      <property id="config.bsp.common.id_code" value="FFFFFFFFFFFFFFFFFFFFFFFFFFFFFFFF"/>
      <property id="config.bsp.common.id1" value=""/>
      <property id="config.bsp.common.id2" value=""/>
      <property id="config.bsp.common.id3" value=""/>
      <property id="config.bsp.common.id4" value=""/>
      <property id="config.bsp.common.id_fixed" value=""/>
    </config>
  </synergyBspConfiguration>
  <synergyClockConfiguration>
    <node id="board.clock.xtal.freq" mul="24000000" option="_edit"/>
    <node id="board.clock.usbmclk.freq" option="board.clock.usbmclk.freq"/>
    <node id="board.clock.pll.source" option="board.clock.pll.source.xtal"/>
    <node id="board.clock.hoco.freq" option="board.clock.hoco.freq.20m"/>
    <node id="board.clock.loco.freq" option="board.clock.loco.freq.32768"/>
    <node id="board.clock.moco.freq" option="board.clock.moco.freq.8m"/>
    <node id="board.clock.subclk.freq" option="board.clock.subclk.freq.32768"/>
    <node id="board.clock.pll.div" option="board.clock.pll.div.2"/>
    <node id="board.clock.pll.mul" option="board.clock.pll.mul.200"/>
    <node id="board.clock.pll.display" option="board.clock.pll.display.value"/>
    <node id="board.clock.clock.source" option="board.clock.clock.source.pll"/>
    <node id="board.clock.iclk.div" option="board.clock.iclk.div.2"/>
    <node id="board.clock.iclk.display" option="board.clock.iclk.display.value"/>
    <node id="board.clock.pclka.div" option="board.clock.pclka.div.2"/>
    <node id="board.clock.pclka.display" option="board.clock.pclka.display.value"/>
    <node id="board.clock.pclkb.div" option="board.clock.pclkb.div.4"/>
    <node id="board.clock.pclkb.display" option="board.clock.pclkb.display.value"/>
    <node id="board.clock.pclkc.div" option="board.clock.pclkc.div.4"/>
    <node id="board.clock.pclkc.display" option="board.clock.pclkc.display.value"/>
    <node id="board.clock.pclkd.div" option="board.clock.pclkd.div.2"/>
    <node id="board.clock.pclkd.display" option="board.clock.pclkd.display.value"/>
    <node id="board.clock.sdclkout.div" option="board.clock.sdclkout.div.1"/>
    <node id="board.clock.sdclkout.display" option="board.clock.sdclkout.display.value"/>
    <node id="board.clock.bclk.div" option="board.clock.bclk.div.2"/>
    <node id="board.clock.bclk.display" option="board.clock.bclk.display.value"/>
    <node id="board.clock.bclkout.div" option="board.clock.bclkout.div.2"/>
    <node id="board.clock.bclkout.display" option="board.clock.bclkout.display.value"/>
    <node id="board.clock.uclk.div" option="board.clock.uclk.div.5"/>
    <node id="board.clock.uclk.display" option="board.clock.uclk.display.value"/>
    <node id="board.clock.fclk.div" option="board.clock.fclk.div.4"/>
    <node id="board.clock.fclk.display" option="board.clock.fclk.display.value"/>
  </synergyClockConfiguration>
  <synergyComponentSelection>
    <component apiversion="" class="Common" condition="" group="all" subgroup="ssp_common" variant="" vendor="Renesas" version="2.3.0">
      <description>SSP Common Code</description>
      <originalPack>Renesas.Synergy.2.3.0.pack</originalPack>
    </component>
    <component apiversion="" class="HAL Drivers" condition="" group="all" subgroup="r_cgc" variant="" vendor="Renesas" version="2.3.0">
      <description>Clock Generation Circuit: Provides=[CGC]</description>
      <originalPack>Renesas.Synergy.2.3.0.pack</originalPack>
    </component>
    <component apiversion="" class="HAL Drivers" condition="" group="all" subgroup="r_elc" variant="" vendor="Renesas" version="2.3.0">
      <description>Event Link Controller: Provides=[ELC]</description>
      <originalPack>Renesas.Synergy.2.3.0.pack</originalPack>
    </component>
    <component apiversion="" class="HAL Drivers" condition="" group="all" subgroup="r_fmi" variant="" vendor="Renesas" version="2.3.0">
      <description>Factory MCU Information Module: Provides=[FMI]</description>
      <originalPack>Renesas.Synergy.2.3.0.pack</originalPack>
    </component>
    <component apiversion="" class="HAL Drivers" condition="" group="all" subgroup="r_ioport" variant="" vendor="Renesas" version="2.3.0">
      <description>I/O Port: Provides=[IO Port]</description>
      <originalPack>Renesas.Synergy.2.3.0.pack</originalPack>
    </component>
    <component apiversion="" class="Express Logic" condition="" group="all" subgroup="tx" variant="" vendor="Renesas" version="2.3.0">
      <description>Express Logic ThreadX: Provides=[ThreadX]</description>
      <originalPack>Renesas.Synergy.2.3.0.pack</originalPack>
    </component>
    <component apiversion="" class="Projects" condition="" group="all" subgroup="BlinkyThreadX" variant="" vendor="Renesas" version="2.3.0">
      <description>Simple application that blinks an LED. ThreadX RTOS included</description>
      <originalPack>Renesas.SynergyBlinkyThreadX.2.3.0.pack</originalPack>
    </component>
    <component apiversion="" class="BSP" condition="" group="s5d9" subgroup="device" variant="R7FS5D97E3A01CFP" vendor="Renesas" version="2.3.0">
      <description>Board support package for R7FS5D97E3A01CFP</description>
      <originalPack>Renesas.Synergy_mcu_s5d9.2.3.0.pack</originalPack>
    </component>
    <component apiversion="" class="BSP" condition="" group="s5d9" subgroup="device" variant="" vendor="Renesas" version="2.3.0">
      <description>Board support package for S5D9</description>
      <originalPack>Renesas.Synergy_mcu_s5d9.2.3.0.pack</originalPack>
    </component>
    <component apiversion="" class="BSP" condition="" group="s5d9" subgroup="ssp" variant="" vendor="Renesas" version="2.3.0">
      <description>Board support package for S5D9</description>
      <originalPack>Renesas.Synergy_mcu_s5d9.2.3.0.pack</originalPack>
    </component>
    <component apiversion="" class="BSP" condition="" group="Board" subgroup="custom" variant="" vendor="Renesas" version="2.3.0">
      <description>CUSTOM Board Support Files</description>
      <originalPack>Renesas.Synergy_board_custom.2.3.0.pack</originalPack>
    </component>
    <component apiversion="" class="Express Logic" condition="" group="all" subgroup="tx_src" variant="" vendor="Renesas" version="2.3.0">
      <description>Express Logic ThreadX: Provides=[ThreadX]</description>
      <originalPack>Renesas.Synergy.2.3.0.pack</originalPack>
    </component>
    <component apiversion="" class="Projects" condition="" group="all" subgroup="Blinky" variant="" vendor="Renesas" version="2.3.0">
      <description>Simple application that blinks an LED. No RTOS included</description>
      <originalPack>Renesas.SynergyBlinky.2.3.0.pack</originalPack>
    </component>
  </synergyComponentSelection>
  <synergyIcuConfiguration/>
  <synergyMessagingConfiguration/>
  <synergyModuleConfiguration>
    <module id="module.driver.cgc_on_cgc.0">
      <property id="module.driver.cgc.name" value="g_cgc"/>
    </module>
    <module id="module.driver.elc_on_elc.0">
      <property id="module.driver.elc.name" value="g_elc"/>
    </module>
    <module id="module.driver.ioport_on_ioport.0">
      <property id="module.driver.ioport.name" value="g_ioport"/>
    </module>
    <module id="module.driver.fmi_on_fmi.0">
      <property id="module.driver.fmi.name" value="g_fmi"/>
    </module>
    <module id="module.framework.tx_src.2013486770">
      <property id="module.el.tx_src.linkage_warning" value="module.el.tx_src.linkage_warning.disabled"/>
    </module>
    <context id="_hal.0">
      <stack module="module.driver.elc_on_elc.0"/>
      <stack module="module.driver.ioport_on_ioport.0"/>
      <stack module="module.driver.fmi_on_fmi.0"/>
      <stack module="module.driver.cgc_on_cgc.0"/>
    </context>
    <context id="rtos.threadx.thread.0">
      <property id="_symbol" value="blinky_thread"/>
      <property id="rtos.threadx.thread.name" value="Blinky Thread"/>
      <property id="rtos.threadx.thread.stack" value="1024"/>
      <property id="rtos.threadx.thread.priority" value="1"/>
      <property id="rtos.threadx.thread.autostart" value="rtos.threadx.thread.autostart.enabled"/>
      <property id="rtos.threadx.thread.timeslice" value="1"/>
      <stack module="module.framework.tx_src.2013486770"/>
    </context>
    <config id="config.driver.cgc">
      <property id="config.driver.cgc.param_checking_enable" value="config.driver.cgc.param_checking_enable.bsp"/>
      <property id="config.driver.cgc.main_osc_wait" value="config.driver.cgc.main_osc_wait.wait_547"/>
      <property id="config.driver.cgc.main_osc_clock_source" value="config.driver.cgc.main_osc_clock_source.crystal"/>
      <property id="config.driver.cgc.subclock_drive" value="config.driver.cgc.subclock_drive.standard"/>
      <property id="config.driver.cgc.subclock_at_reset_enable" value="config.driver.cgc.subclock_at_reset_enable.enabled"/>
      <property id="config.driver.cgc.low_voltage_mode" value="config.driver.cgc.low_voltage_mode.disabled"/>
    </config>
    <config id="config.driver.ioport">
      <property id="config.driver.ioport.checking" value="config.driver.ioport.checking.system"/>
    </config>
    <config id="config.threadx.thread"/>
    <config id="config.driver.fmi">
      <property id="config.driver.fmi.param_checking_enable" value="config.driver.fmi.param_checking_enable.bsp"/>
      <property id="config.driver.fmi.custom_base_address_symbol" value="g_fmi_data"/>
      <property id="config.driver.fmi.part_number_mask" value="0xFE00"/>
    </config>
    <config id="config.driver.elc">
      <property id="config.driver.elc.checking" value="config.driver.elc.checking.system"/>
    </config>
    <config id="config.el.tx_src">
      <property id="config.el.tx_src.error_checking" value="config.el.tx_src.error_checking.enabled"/>
      <property id="config.el.tx_src.timer_ticks_per_second" value="1000"/>
      <property id="config.el.tx_src.max_priorities" value=""/>
      <property id="config.el.tx_src.minimum_stack" value="1024"/>
      <property id="config.el.tx_src.timer_thread_stack_size" value="2048"/>
      <property id="config.el.tx_src.timer_thread_priority" value="1"/>
      <property id="config.el.tx_src.trace_time_mask" value=""/>
      <property id="config.el.tx_src.no.filex.pointer" value="config.el.tx_src.no.filex.pointer.disabled"/>
      <property id="config.el.tx_src.timer_process_in_isr" value="config.el.tx_src.timer_process_in_isr.enabled"/>
      <property id="config.el.tx_src.reactivate_inline" value="config.el.tx_src.reactivate_inline.disabled"/>
      <property id="config.el.tx_src.stack_filling" value="config.el.tx_src.stack_filling.enabled"/>
      <property id="config.el.tx_src.stack_checking" value="config.el.tx_src.stack_checking.disabled"/>
      <property id="config.el.tx_src.preemption_threshold" value="config.el.tx_src.preemption_threshold.disabled"/>
      <property id="config.el.tx_src.redundant_clearing" value="config.el.tx_src.redundant_clearing.enabled"/>
      <property id="config.el.tx_src.no_timer" value="config.el.tx_src.no_timer.disabled"/>
      <property id="config.el.tx_src.notify_callbacks" value="config.el.tx_src.notify_callbacks.disabled"/>
      <property id="config.el.tx_src.inline_thread_resume_suspend" value="config.el.tx_src.inline_thread_resume_suspend.disabled"/>
      <property id="config.el.tx_src.not_interruptable" value="config.el.tx_src.not_interruptable.disabled"/>
      <property id="config.el.tx_src.event_trace" value="config.el.tx_src.event_trace.enabled"/>
      <property id="config.el.tx_src.trace_buf_name" value="g_tx_trace_buffer"/>
      <property id="config.el.tx_src.trace_buffer_location" value=".bss"/>
      <property id="config.el.tx_src.trace_buf_size" value="65536"/>
      <property id="config.el.tx_src.num_registries" value="30"/>
      <property id="config.el.tx_src.block_pool_performance_info" value="config.el.tx_src.block_pool_performance_info.enabled"/>
      <property id="config.el.tx_src.byte_pool_performance_info" value="config.el.tx_src.byte_pool_performance_info.enabled"/>
      <property id="config.el.tx_src.event_flags_performance_info" value="config.el.tx_src.event_flags_performance_info.enabled"/>
      <property id="config.el.tx_src.mutex_performance_info" value="config.el.tx_src.mutex_performance_info.enabled"/>
      <property id="config.el.tx_src.queue_performance_info" value="config.el.tx_src.queue_performance_info.enabled"/>
      <property id="config.el.tx_src.semaphore_performance_info" value="config.el.tx_src.semaphore_performance_info.enabled"/>
      <property id="config.el.tx_src.thread_performance_info" value="config.el.tx_src.thread_performance_info.enabled"/>
      <property id="config.el.tx_src.timer_performance_info" value="config.el.tx_src.timer_performance_info.enabled"/>
      <property id="config.el.tx_src.hw_stack_monitoring" value="config.el.tx_src.hw_stack_monitoring.enabled"/>
      <property id="config.el.tx_src.SysTick_IRQn" value="board.icu.common.irq.priority0"/>
      <property id="config.el.tx_src.iar_library_support" value="config.el.tx_src.iar_library_support.disabled"/>
      <property id="config.el.tx_src.epk_support" value="config.el.tx_src.epk_support.enabled"/>
      <property id="config.el.tx_src.tx_thread_extension_0" value=""/>
      <property id="config.el.tx_src.tx_thread_extension_1" value=""/>
      <property id="config.el.tx_src.tx_thread_extension_2" value=""/>
      <property id="config.el.tx_src.tx_thread_extension_3" value="int bsd_errno;"/>
      <property id="config.el.tx_src.tx_block_pool_extension" value=""/>
      <property id="config.el.tx_src.tx_byte_pool_extension" value=""/>
      <property id="config.el.tx_src.tx_event_flags_group_extension" value=""/>
      <property id="config.el.tx_src.tx_mutex_extension" value=""/>
      <property id="config.el.tx_src.tx_queue_extension" value=""/>
      <property id="config.el.tx_src.tx_semaphore_extension" value=""/>
      <property id="config.el.tx_src.tx_timer_extension" value=""/>
      <property id="config.el.tx_src.tx_thread_user_extension" value=""/>
      <property id="config.el.tx_src.tx_thread_create_extension" value=""/>
      <property id="config.el.tx_src.tx_thread_delete_extension" value=""/>
      <property id="config.el.tx_src.tx_thread_completed_extension" value=""/>
      <property id="config.el.tx_src.tx_thread_terminated_extension" value=""/>
      <property id="config.el.tx_src.tx_block_pool_create_extension" value=""/>
      <property id="config.el.tx_src.tx_byte_pool_create_extension" value=""/>
      <property id="config.el.tx_src.tx_event_flags_group_create_extension" value=""/>
      <property id="config.el.tx_src.tx_mutex_create_extension" value=""/>
      <property id="config.el.tx_src.tx_queue_create_extension" value=""/>
      <property id="config.el.tx_src.tx_semaphore_create_extension" value=""/>
      <property id="config.el.tx_src.tx_timer_create_extension" value=""/>
      <property id="config.el.tx_src.tx_block_pool_delete_extension" value=""/>
      <property id="config.el.tx_src.tx_byte_pool_delete_extension" value=""/>
      <property id="config.el.tx_src.tx_event_flags_group_delete_extension" value=""/>
      <property id="config.el.tx_src.tx_mutex_delete_extension" value=""/>
      <property id="config.el.tx_src.tx_queue_delete_extension" value=""/>
      <property id="config.el.tx_src.tx_semaphore_delete_extension" value=""/>
      <property id="config.el.tx_src.tx_timer_delete_extension" value=""/>
    </config>
  </synergyModuleConfiguration>
  <synergyPinConfiguration>
    <pincfg active="true" name="R7FS5D97E3A01CFP.pincfg" symbol="g_bsp_pin_cfg"/>
  </synergyPinConfiguration>
</synergyConfiguration>
